<Configuration>
<Add OfficeClientEdition="64" Channel="Monthly">
    <Product ID="Proplus2019Retail">
      <Language ID="en-US" />
      <ExcludeApp ID="Groove" />
      <ExcludeApp ID="Lync" />
      <ExcludeApp ID="Outlook" />
      <ExcludeApp ID="OneDrive" />
    </Product>
    <Product ID="ProjectPro2019Retail">
      <Language ID="en-US" />
      <ExcludeApp ID="OneDrive" />
    </Product>
    <Product ID="VisioPro2019Retail">
      <Language ID="en-US" />
      <ExcludeApp ID="OneDrive" />
    </Product>
</Add>
<Display Level="Full" AcceptEULA="TRUE" />
<Updates Enabled="TRUE" Channel="Monthly" />
</Configuration>
<!--  OInstallSetting Branch=1  -->
<!--  OInstallSetting Office=0  -->
<!--  OInstallSetting Arch=0  -->
<!--  OInstallSetting Redact=2  -->
<!--  OInstallSetting Product=1  -->
<!--  OInstallSetting OnlineKMS=1  -->
<!--  OInstallSetting PATH=  -->
<!--  OInstallSetting Lang0=1  -->
